9504021630084,Maragaret,Schulist,felton@rosenbaum.biz,+6838014994234
8706266902182,Remedios,Johnson,robert.ebert@volkman-powlowski.biz,+29918608631224
6904293923089,Cleveland,Bergstrom,kisha_predovic@lehner-brown.info,+85219297827200
6105066389082,Zachariah,Beahan,jinny@littel.io,+326711998173
8512206574184,Shakita,Schoen,leandro@oconnell-schoen.co,+2139127249580
0209252914087,Antwan,Abernathy,trevor@gislason.io,+553223969450
9907192222187,Theodora,Lindgren,marquis@kling.org,+8092072403092
5611194573084,Nidia,Frami,gerard@jaskolski.biz,+99619512319540
5710298856187,Moises,Lebsack,dulce@runolfsson-paucek.com,+3716477817807
6107181963080,Trevor,Marquardt,man_jaskolski@roob.info,+337292157613
6501262065080,Jae,Stoltenberg,kemberly@streich.co,+80912149143854
0301159971185,Hassan,Kris,bryan.oconnell@gerlach-kunze.co,+3564754686594
5901109043087,Herschel,Little,tari_sipes@mraz-terry.io,+59716777755298
9005179315189,Jacquline,Hessel,wilton@schimmel.info,+3737274052990
8909183080088,Austin,Weimann,lanell@kessler-lakin.co,+2456225559926
5704203164183,Gregory,Veum,conception@trantow.com,+3767989084897
8512236523086,Rodrick,Botsford,camellia@beahan.net,+9685882628124
9512074099081,Bruce,Stehr,hershel@bosco.io,+2354548190361
0012318083180,Dannie,Wuckert,don@schroeder.name,+2515338559331
8712114841184,Tierra,Blanda,paris.wisoky@goldner.com,+23811116024482
6606206485086,Patrick,Douglas,jennie_aufderhar@renner-emard.io,+361830004888
6008114694083,Mi,Jaskolski,francis@bogan.co,+6772146213118
8602053365081,Huey,Hickle,kent@hermann-abbott.io,+9637765910477
7609222989080,Gavin,Abbott,carissa@hegmann.info,+2423205041335
7302029136184,Britt,Daugherty,jesse_barton@turner.com,+13405939172939
8905225507088,Linwood,Rogahn,teisha@price.biz,+2381908449781
6511153386081,Kirsten,Senger,domingo.gleichner@predovic.info,+6761358380493
7812301626082,Latrina,Lesch,conception.wisoky@bernhard.io,+5997638024183
6705143633186,Leighann,Wiza,gilbert.cole@donnelly.co,+9416309718242
5804124687187,Eneida,Harris,joselyn.raynor@koss.name,+2693268285304
9712074358087,Lucas,Nolan,shawna_grady@sawayn.org,+2217537810149
9601154802181,Corrin,Doyle,elvis@lubowitz.net,+952507881663
9809303441088,Lia,Harber,lilliana@pouros.io,+2243258831047
6307014405081,Arnold,Jacobi,joseph.streich@olson-feil.com,+18692427264886
9612195352086,Rea,Ledner,reinaldo@davis-crona.net,+2223008679657
8211067756184,Leda,Mann,rachelle_prohaska@zemlak.name,+3765679547364
6906045616184,Christina,Von,sunni.reichel@schamberger-dietrich.org,+9734936040490
9001067103183,Raymundo,Yundt,donnie@hessel.org,+9777640321414
8506162761082,Waylon,Bins,lynne@langworth.net,+905283386758
6404045816087,Jeromy,Corkery,jon@thompson-ferry.com,+9767668222835
6702059218086,James,Mayer,santos_satterfield@wiza.com,+434712702777
6501221846182,Sal,Tillman,darell_beer@barrows.name,+22816368844438
7611073717081,Nelly,Christiansen,elmer@goyette.co,+2979902008771
7507185575187,Coral,Ondricka,vinita@nikolaus-lockman.org,+50611942391825
9702224198186,Kenna,Will,oliva@kerluke-murray.io,+2628494208100
9411067370080,Wanetta,Strosin,harris@ernser-mcdermott.biz,+26814107509028
9803194855084,Melisa,Daniel,livia.brekke@larkin.com,+9668288317612
6608301879189,Chong,Kovacek,ellsworth@weber-roberts.info,+3516542499153
6212183591184,Scott,Towne,breanna_labadie@schroeder-quigley.io,+5047239503488
5808253972187,Ludie,Erdman,hobert@towne.co,+415479324247
